,Action 1,Action 2,Action 3,Action 4,Action 5,Action 6,Action 7,Action 8
Action 1,0.0,1505.947411741543,1372.3068745892726,2313.553964858928,2193.3675065994885,2276.894817466572,2300.4822444795514,1654.6901763606659
Action 2,1505.947411741543,0.0,1232.3395429680381,2141.825028564395,1732.4783264040702,2105.1658824923356,1924.600103308008,1423.3365259267853
Action 3,1372.3068745892726,1232.3395429680381,0.0,2225.5476465123425,1901.8131141083709,2188.888474050379,2016.3665991055013,1469.1638978686724
Action 4,2313.553964858928,2141.825028564395,2225.5476465123425,0.0,1942.0670899104307,878.3730071765965,2469.7550621088567,1750.1616178992265
Action 5,2193.3675065994885,1732.4783264040702,1901.8131141083709,1942.0670899104307,0.0,1846.5814903629773,1258.6118833664468,1346.6065024585052
Action 6,2276.894817466572,2105.1658824923356,2188.888474050379,878.3730071765965,1846.5814903629773,0.0,1962.6005188963338,1362.078366062874
Action 7,2300.4822444795514,1924.600103308008,2016.3665991055013,2469.7550621088567,1258.6118833664468,1962.6005188963338,0.0,1436.2667899768724
Action 8,1654.6901763606659,1423.3365259267853,1469.1638978686724,1750.1616178992265,1346.6065024585052,1362.078366062874,1436.2667899768724,0.0
