,Action 1,Action 2,Action 3,Action 4,Action 5,Action 6,Action 7,Action 8
Action 1,0.0,2141.186154310618,1828.4714358505782,1746.1620540724216,2289.9792742638083,2269.060785276984,1726.8148398700507,1537.67050016927
Action 2,2141.186154310618,0.0,2348.6185582635558,2463.0468982703674,2812.894186460129,2763.48161050382,2267.111608574852,2069.4279478191356
Action 3,1828.4714358505782,2348.6185582635558,0.0,2630.1433747406186,3157.654738177968,3017.382298295118,2382.1307619474746,2059.8388326508084
Action 4,1746.1620540724216,2463.0468982703674,2630.1433747406186,0.0,1549.874145479139,1452.3880965605547,1474.881092418454,1192.3688384413863
Action 5,2289.9792742638083,2812.894186460129,3157.654738177968,1549.874145479139,0.0,732.7416798225597,1533.569467300755,1789.9318746355395
Action 6,2269.060785276984,2763.48161050382,3017.382298295118,1452.3880965605547,732.7416798225597,0.0,1389.875101779393,1840.7400128566726
Action 7,1726.8148398700507,2267.111608574852,2382.1307619474746,1474.881092418454,1533.569467300755,1389.875101779393,0.0,1477.7324382621887
Action 8,1537.67050016927,2069.4279478191356,2059.8388326508084,1192.3688384413863,1789.9318746355395,1840.7400128566726,1477.7324382621887,0.0
