,Action 1,Action 2,Action 3,Action 4,Action 5,Action 6,Action 7,Action 8
Action 1,0.0,1799.6384729143185,2245.9937285093224,3144.364985876574,2281.8665632324924,2344.3375626226793,1419.4749547561958,2479.4383419154456
Action 2,1799.6384729143185,0.0,1865.8139372416645,2697.019220331064,3209.6149094622806,2998.1254681549403,1717.452191008768,2601.7625739075825
Action 3,2245.9937285093224,1865.8139372416645,0.0,3786.3477502447545,4266.05968944185,4109.909778848077,2911.6472475204732,3640.439537434307
Action 4,3144.364985876574,2697.019220331064,3786.3477502447545,0.0,1954.8308031193178,3116.0109349838913,2833.198111437465,2504.2415827069103
Action 5,2281.8665632324924,3209.6149094622806,4266.05968944185,1954.8308031193178,0.0,2867.448869118008,2654.5906884456194,2310.2336619547928
Action 6,2344.3375626226793,2998.1254681549403,4109.909778848077,3116.0109349838913,2867.448869118008,0.0,2094.29641850295,2243.95366028988
Action 7,1419.4749547561958,1717.452191008768,2911.6472475204732,2833.198111437465,2654.5906884456194,2094.29641850295,0.0,2532.7728109489235
Action 8,2479.4383419154456,2601.7625739075825,3640.439537434307,2504.2415827069103,2310.2336619547928,2243.95366028988,2532.7728109489235,0.0
